id,family,series,designation,display_name,nominal_diameter_mm,pitch_mm,tpi,profile_angle_deg,tap_drill_mm,radial_thread_depth_mm,is_default_pitch,tap_drill_basis,depth_basis,standard_reference,source_url,data_version,verification_status
metric-1-0.25,metric,coarse,M1,M1 x 0.25,1.000,0.250,,60,0.750,0.1353,true,nominal_diameter_mm - pitch_mm; cutting tap approximation,0.541266 * pitch_mm; ISO metric basic internal thread profile,ISO 261 / ISO 262 pitch combinations; ISO 68-1 profile,https://fullerfasteners.com/tech/basic-metric-thread-chart-m1-m100-2/,2026-07-26-v1,engineering_dataset_not_certified
metric-1-0.2,metric,fine,M1,M1 x 0.2,1.000,0.200,,60,0.800,0.1083,false,nominal_diameter_mm - pitch_mm; cutting tap approximation,0.541266 * pitch_mm; ISO metric basic internal thread profile,ISO 261 / ISO 262 pitch combinations; ISO 68-1 profile,https://fullerfasteners.com/tech/basic-metric-thread-chart-m1-m100-2/,2026-07-26-v1,engineering_dataset_not_certified
metric-1.2-0.25,metric,coarse,M1.2,M1.2 x 0.25,1.200,0.250,,60,0.950,0.1353,true,nominal_diameter_mm - pitch_mm; cutting tap approximation,0.541266 * pitch_mm; ISO metric basic internal thread profile,ISO 261 / ISO 262 pitch combinations; ISO 68-1 profile,https://fullerfasteners.com/tech/basic-metric-thread-chart-m1-m100-2/,2026-07-26-v1,engineering_dataset_not_certified
metric-1.2-0.2,metric,fine,M1.2,M1.2 x 0.2,1.200,0.200,,60,1.000,0.1083,false,nominal_diameter_mm - pitch_mm; cutting tap approximation,0.541266 * pitch_mm; ISO metric basic internal thread profile,ISO 261 / ISO 262 pitch combinations; ISO 68-1 profile,https://fullerfasteners.com/tech/basic-metric-thread-chart-m1-m100-2/,2026-07-26-v1,engineering_dataset_not_certified
metric-1.4-0.3,metric,coarse,M1.4,M1.4 x 0.3,1.400,0.300,,60,1.100,0.1624,true,nominal_diameter_mm - pitch_mm; cutting tap approximation,0.541266 * pitch_mm; ISO metric basic internal thread profile,ISO 261 / ISO 262 pitch combinations; ISO 68-1 profile,https://fullerfasteners.com/tech/basic-metric-thread-chart-m1-m100-2/,2026-07-26-v1,engineering_dataset_not_certified
metric-1.4-0.2,metric,fine,M1.4,M1.4 x 0.2,1.400,0.200,,60,1.200,0.1083,false,nominal_diameter_mm - pitch_mm; cutting tap approximation,0.541266 * pitch_mm; ISO metric basic internal thread profile,ISO 261 / ISO 262 pitch combinations; ISO 68-1 profile,https://fullerfasteners.com/tech/basic-metric-thread-chart-m1-m100-2/,2026-07-26-v1,engineering_dataset_not_certified
metric-1.6-0.35,metric,coarse,M1.6,M1.6 x 0.35,1.600,0.350,,60,1.250,0.1894,true,nominal_diameter_mm - pitch_mm; cutting tap approximation,0.541266 * pitch_mm; ISO metric basic internal thread profile,ISO 261 / ISO 262 pitch combinations; ISO 68-1 profile,https://fullerfasteners.com/tech/basic-metric-thread-chart-m1-m100-2/,2026-07-26-v1,engineering_dataset_not_certified
metric-1.6-0.2,metric,fine,M1.6,M1.6 x 0.2,1.600,0.200,,60,1.400,0.1083,false,nominal_diameter_mm - pitch_mm; cutting tap approximation,0.541266 * pitch_mm; ISO metric basic internal thread profile,ISO 261 / ISO 262 pitch combinations; ISO 68-1 profile,https://fullerfasteners.com/tech/basic-metric-thread-chart-m1-m100-2/,2026-07-26-v1,engineering_dataset_not_certified
metric-1.7-0.35,metric,coarse,M1.7,M1.7 x 0.35,1.700,0.350,,60,1.350,0.1894,true,nominal_diameter_mm - pitch_mm; cutting tap approximation,0.541266 * pitch_mm; ISO metric basic internal thread profile,ISO 261 / ISO 262 pitch combinations; ISO 68-1 profile,https://fullerfasteners.com/tech/basic-metric-thread-chart-m1-m100-2/,2026-07-26-v1,engineering_dataset_not_certified
metric-1.8-0.35,metric,coarse,M1.8,M1.8 x 0.35,1.800,0.350,,60,1.450,0.1894,true,nominal_diameter_mm - pitch_mm; cutting tap approximation,0.541266 * pitch_mm; ISO metric basic internal thread profile,ISO 261 / ISO 262 pitch combinations; ISO 68-1 profile,https://fullerfasteners.com/tech/basic-metric-thread-chart-m1-m100-2/,2026-07-26-v1,engineering_dataset_not_certified
metric-1.8-0.2,metric,fine,M1.8,M1.8 x 0.2,1.800,0.200,,60,1.600,0.1083,false,nominal_diameter_mm - pitch_mm; cutting tap approximation,0.541266 * pitch_mm; ISO metric basic internal thread profile,ISO 261 / ISO 262 pitch combinations; ISO 68-1 profile,https://fullerfasteners.com/tech/basic-metric-thread-chart-m1-m100-2/,2026-07-26-v1,engineering_dataset_not_certified
metric-2-0.4,metric,coarse,M2,M2 x 0.4,2.000,0.400,,60,1.600,0.2165,true,nominal_diameter_mm - pitch_mm; cutting tap approximation,0.541266 * pitch_mm; ISO metric basic internal thread profile,ISO 261 / ISO 262 pitch combinations; ISO 68-1 profile,https://fullerfasteners.com/tech/basic-metric-thread-chart-m1-m100-2/,2026-07-26-v1,engineering_dataset_not_certified
metric-2-0.25,metric,fine,M2,M2 x 0.25,2.000,0.250,,60,1.750,0.1353,false,nominal_diameter_mm - pitch_mm; cutting tap approximation,0.541266 * pitch_mm; ISO metric basic internal thread profile,ISO 261 / ISO 262 pitch combinations; ISO 68-1 profile,https://fullerfasteners.com/tech/basic-metric-thread-chart-m1-m100-2/,2026-07-26-v1,engineering_dataset_not_certified
metric-2.2-0.45,metric,coarse,M2.2,M2.2 x 0.45,2.200,0.450,,60,1.750,0.2436,true,nominal_diameter_mm - pitch_mm; cutting tap approximation,0.541266 * pitch_mm; ISO metric basic internal thread profile,ISO 261 / ISO 262 pitch combinations; ISO 68-1 profile,https://fullerfasteners.com/tech/basic-metric-thread-chart-m1-m100-2/,2026-07-26-v1,engineering_dataset_not_certified
metric-2.2-0.25,metric,fine,M2.2,M2.2 x 0.25,2.200,0.250,,60,1.950,0.1353,false,nominal_diameter_mm - pitch_mm; cutting tap approximation,0.541266 * pitch_mm; ISO metric basic internal thread profile,ISO 261 / ISO 262 pitch combinations; ISO 68-1 profile,https://fullerfasteners.com/tech/basic-metric-thread-chart-m1-m100-2/,2026-07-26-v1,engineering_dataset_not_certified
metric-2.3-0.4,metric,coarse,M2.3,M2.3 x 0.4,2.300,0.400,,60,1.900,0.2165,true,nominal_diameter_mm - pitch_mm; cutting tap approximation,0.541266 * pitch_mm; ISO metric basic internal thread profile,ISO 261 / ISO 262 pitch combinations; ISO 68-1 profile,https://fullerfasteners.com/tech/basic-metric-thread-chart-m1-m100-2/,2026-07-26-v1,engineering_dataset_not_certified
metric-2.5-0.45,metric,coarse,M2.5,M2.5 x 0.45,2.500,0.450,,60,2.050,0.2436,true,nominal_diameter_mm - pitch_mm; cutting tap approximation,0.541266 * pitch_mm; ISO metric basic internal thread profile,ISO 261 / ISO 262 pitch combinations; ISO 68-1 profile,https://fullerfasteners.com/tech/basic-metric-thread-chart-m1-m100-2/,2026-07-26-v1,engineering_dataset_not_certified
metric-2.5-0.35,metric,fine,M2.5,M2.5 x 0.35,2.500,0.350,,60,2.150,0.1894,false,nominal_diameter_mm - pitch_mm; cutting tap approximation,0.541266 * pitch_mm; ISO metric basic internal thread profile,ISO 261 / ISO 262 pitch combinations; ISO 68-1 profile,https://fullerfasteners.com/tech/basic-metric-thread-chart-m1-m100-2/,2026-07-26-v1,engineering_dataset_not_certified
metric-2.6-0.45,metric,coarse,M2.6,M2.6 x 0.45,2.600,0.450,,60,2.150,0.2436,true,nominal_diameter_mm - pitch_mm; cutting tap approximation,0.541266 * pitch_mm; ISO metric basic internal thread profile,ISO 261 / ISO 262 pitch combinations; ISO 68-1 profile,https://fullerfasteners.com/tech/basic-metric-thread-chart-m1-m100-2/,2026-07-26-v1,engineering_dataset_not_certified
metric-3-0.5,metric,coarse,M3,M3 x 0.5,3.000,0.500,,60,2.500,0.2706,true,nominal_diameter_mm - pitch_mm; cutting tap approximation,0.541266 * pitch_mm; ISO metric basic internal thread profile,ISO 261 / ISO 262 pitch combinations; ISO 68-1 profile,https://fullerfasteners.com/tech/basic-metric-thread-chart-m1-m100-2/,2026-07-26-v1,engineering_dataset_not_certified
metric-3-0.35,metric,fine,M3,M3 x 0.35,3.000,0.350,,60,2.650,0.1894,false,nominal_diameter_mm - pitch_mm; cutting tap approximation,0.541266 * pitch_mm; ISO metric basic internal thread profile,ISO 261 / ISO 262 pitch combinations; ISO 68-1 profile,https://fullerfasteners.com/tech/basic-metric-thread-chart-m1-m100-2/,2026-07-26-v1,engineering_dataset_not_certified
metric-3.5-0.6,metric,coarse,M3.5,M3.5 x 0.6,3.500,0.600,,60,2.900,0.3248,true,nominal_diameter_mm - pitch_mm; cutting tap approximation,0.541266 * pitch_mm; ISO metric basic internal thread profile,ISO 261 / ISO 262 pitch combinations; ISO 68-1 profile,https://fullerfasteners.com/tech/basic-metric-thread-chart-m1-m100-2/,2026-07-26-v1,engineering_dataset_not_certified
metric-3.5-0.35,metric,fine,M3.5,M3.5 x 0.35,3.500,0.350,,60,3.150,0.1894,false,nominal_diameter_mm - pitch_mm; cutting tap approximation,0.541266 * pitch_mm; ISO metric basic internal thread profile,ISO 261 / ISO 262 pitch combinations; ISO 68-1 profile,https://fullerfasteners.com/tech/basic-metric-thread-chart-m1-m100-2/,2026-07-26-v1,engineering_dataset_not_certified
metric-4-0.7,metric,coarse,M4,M4 x 0.7,4.000,0.700,,60,3.300,0.3789,true,nominal_diameter_mm - pitch_mm; cutting tap approximation,0.541266 * pitch_mm; ISO metric basic internal thread profile,ISO 261 / ISO 262 pitch combinations; ISO 68-1 profile,https://fullerfasteners.com/tech/basic-metric-thread-chart-m1-m100-2/,2026-07-26-v1,engineering_dataset_not_certified
metric-4-0.5,metric,fine,M4,M4 x 0.5,4.000,0.500,,60,3.500,0.2706,false,nominal_diameter_mm - pitch_mm; cutting tap approximation,0.541266 * pitch_mm; ISO metric basic internal thread profile,ISO 261 / ISO 262 pitch combinations; ISO 68-1 profile,https://fullerfasteners.com/tech/basic-metric-thread-chart-m1-m100-2/,2026-07-26-v1,engineering_dataset_not_certified
metric-5-0.8,metric,coarse,M5,M5 x 0.8,5.000,0.800,,60,4.200,0.4330,true,nominal_diameter_mm - pitch_mm; cutting tap approximation,0.541266 * pitch_mm; ISO metric basic internal thread profile,ISO 261 / ISO 262 pitch combinations; ISO 68-1 profile,https://fullerfasteners.com/tech/basic-metric-thread-chart-m1-m100-2/,2026-07-26-v1,engineering_dataset_not_certified
metric-5-0.5,metric,fine,M5,M5 x 0.5,5.000,0.500,,60,4.500,0.2706,false,nominal_diameter_mm - pitch_mm; cutting tap approximation,0.541266 * pitch_mm; ISO metric basic internal thread profile,ISO 261 / ISO 262 pitch combinations; ISO 68-1 profile,https://fullerfasteners.com/tech/basic-metric-thread-chart-m1-m100-2/,2026-07-26-v1,engineering_dataset_not_certified
metric-6-1,metric,coarse,M6,M6 x 1,6.000,1.000,,60,5.000,0.5413,true,nominal_diameter_mm - pitch_mm; cutting tap approximation,0.541266 * pitch_mm; ISO metric basic internal thread profile,ISO 261 / ISO 262 pitch combinations; ISO 68-1 profile,https://fullerfasteners.com/tech/basic-metric-thread-chart-m1-m100-2/,2026-07-26-v1,engineering_dataset_not_certified
metric-6-0.75,metric,fine,M6,M6 x 0.75,6.000,0.750,,60,5.250,0.4059,false,nominal_diameter_mm - pitch_mm; cutting tap approximation,0.541266 * pitch_mm; ISO metric basic internal thread profile,ISO 261 / ISO 262 pitch combinations; ISO 68-1 profile,https://fullerfasteners.com/tech/basic-metric-thread-chart-m1-m100-2/,2026-07-26-v1,engineering_dataset_not_certified
metric-7-1,metric,coarse,M7,M7 x 1,7.000,1.000,,60,6.000,0.5413,true,nominal_diameter_mm - pitch_mm; cutting tap approximation,0.541266 * pitch_mm; ISO metric basic internal thread profile,ISO 261 / ISO 262 pitch combinations; ISO 68-1 profile,https://fullerfasteners.com/tech/basic-metric-thread-chart-m1-m100-2/,2026-07-26-v1,engineering_dataset_not_certified
metric-7-0.75,metric,fine,M7,M7 x 0.75,7.000,0.750,,60,6.250,0.4059,false,nominal_diameter_mm - pitch_mm; cutting tap approximation,0.541266 * pitch_mm; ISO metric basic internal thread profile,ISO 261 / ISO 262 pitch combinations; ISO 68-1 profile,https://fullerfasteners.com/tech/basic-metric-thread-chart-m1-m100-2/,2026-07-26-v1,engineering_dataset_not_certified
metric-8-1.25,metric,coarse,M8,M8 x 1.25,8.000,1.250,,60,6.750,0.6766,true,nominal_diameter_mm - pitch_mm; cutting tap approximation,0.541266 * pitch_mm; ISO metric basic internal thread profile,ISO 261 / ISO 262 pitch combinations; ISO 68-1 profile,https://fullerfasteners.com/tech/basic-metric-thread-chart-m1-m100-2/,2026-07-26-v1,engineering_dataset_not_certified
metric-8-1,metric,fine,M8,M8 x 1,8.000,1.000,,60,7.000,0.5413,false,nominal_diameter_mm - pitch_mm; cutting tap approximation,0.541266 * pitch_mm; ISO metric basic internal thread profile,ISO 261 / ISO 262 pitch combinations; ISO 68-1 profile,https://fullerfasteners.com/tech/basic-metric-thread-chart-m1-m100-2/,2026-07-26-v1,engineering_dataset_not_certified
metric-8-0.75,metric,fine,M8,M8 x 0.75,8.000,0.750,,60,7.250,0.4059,false,nominal_diameter_mm - pitch_mm; cutting tap approximation,0.541266 * pitch_mm; ISO metric basic internal thread profile,ISO 261 / ISO 262 pitch combinations; ISO 68-1 profile,https://fullerfasteners.com/tech/basic-metric-thread-chart-m1-m100-2/,2026-07-26-v1,engineering_dataset_not_certified
metric-9-1.25,metric,coarse,M9,M9 x 1.25,9.000,1.250,,60,7.750,0.6766,true,nominal_diameter_mm - pitch_mm; cutting tap approximation,0.541266 * pitch_mm; ISO metric basic internal thread profile,ISO 261 / ISO 262 pitch combinations; ISO 68-1 profile,https://fullerfasteners.com/tech/basic-metric-thread-chart-m1-m100-2/,2026-07-26-v1,engineering_dataset_not_certified
metric-9-1,metric,fine,M9,M9 x 1,9.000,1.000,,60,8.000,0.5413,false,nominal_diameter_mm - pitch_mm; cutting tap approximation,0.541266 * pitch_mm; ISO metric basic internal thread profile,ISO 261 / ISO 262 pitch combinations; ISO 68-1 profile,https://fullerfasteners.com/tech/basic-metric-thread-chart-m1-m100-2/,2026-07-26-v1,engineering_dataset_not_certified
metric-9-0.75,metric,fine,M9,M9 x 0.75,9.000,0.750,,60,8.250,0.4059,false,nominal_diameter_mm - pitch_mm; cutting tap approximation,0.541266 * pitch_mm; ISO metric basic internal thread profile,ISO 261 / ISO 262 pitch combinations; ISO 68-1 profile,https://fullerfasteners.com/tech/basic-metric-thread-chart-m1-m100-2/,2026-07-26-v1,engineering_dataset_not_certified
metric-10-1.5,metric,coarse,M10,M10 x 1.5,10.000,1.500,,60,8.500,0.8119,true,nominal_diameter_mm - pitch_mm; cutting tap approximation,0.541266 * pitch_mm; ISO metric basic internal thread profile,ISO 261 / ISO 262 pitch combinations; ISO 68-1 profile,https://fullerfasteners.com/tech/basic-metric-thread-chart-m1-m100-2/,2026-07-26-v1,engineering_dataset_not_certified
metric-10-1.25,metric,fine,M10,M10 x 1.25,10.000,1.250,,60,8.750,0.6766,false,nominal_diameter_mm - pitch_mm; cutting tap approximation,0.541266 * pitch_mm; ISO metric basic internal thread profile,ISO 261 / ISO 262 pitch combinations; ISO 68-1 profile,https://fullerfasteners.com/tech/basic-metric-thread-chart-m1-m100-2/,2026-07-26-v1,engineering_dataset_not_certified
metric-10-1,metric,fine,M10,M10 x 1,10.000,1.000,,60,9.000,0.5413,false,nominal_diameter_mm - pitch_mm; cutting tap approximation,0.541266 * pitch_mm; ISO metric basic internal thread profile,ISO 261 / ISO 262 pitch combinations; ISO 68-1 profile,https://fullerfasteners.com/tech/basic-metric-thread-chart-m1-m100-2/,2026-07-26-v1,engineering_dataset_not_certified
metric-10-0.75,metric,fine,M10,M10 x 0.75,10.000,0.750,,60,9.250,0.4059,false,nominal_diameter_mm - pitch_mm; cutting tap approximation,0.541266 * pitch_mm; ISO metric basic internal thread profile,ISO 261 / ISO 262 pitch combinations; ISO 68-1 profile,https://fullerfasteners.com/tech/basic-metric-thread-chart-m1-m100-2/,2026-07-26-v1,engineering_dataset_not_certified
metric-11-1.5,metric,coarse,M11,M11 x 1.5,11.000,1.500,,60,9.500,0.8119,true,nominal_diameter_mm - pitch_mm; cutting tap approximation,0.541266 * pitch_mm; ISO metric basic internal thread profile,ISO 261 / ISO 262 pitch combinations; ISO 68-1 profile,https://fullerfasteners.com/tech/basic-metric-thread-chart-m1-m100-2/,2026-07-26-v1,engineering_dataset_not_certified
metric-11-1,metric,fine,M11,M11 x 1,11.000,1.000,,60,10.000,0.5413,false,nominal_diameter_mm - pitch_mm; cutting tap approximation,0.541266 * pitch_mm; ISO metric basic internal thread profile,ISO 261 / ISO 262 pitch combinations; ISO 68-1 profile,https://fullerfasteners.com/tech/basic-metric-thread-chart-m1-m100-2/,2026-07-26-v1,engineering_dataset_not_certified
metric-11-0.75,metric,fine,M11,M11 x 0.75,11.000,0.750,,60,10.250,0.4059,false,nominal_diameter_mm - pitch_mm; cutting tap approximation,0.541266 * pitch_mm; ISO metric basic internal thread profile,ISO 261 / ISO 262 pitch combinations; ISO 68-1 profile,https://fullerfasteners.com/tech/basic-metric-thread-chart-m1-m100-2/,2026-07-26-v1,engineering_dataset_not_certified
metric-12-1.75,metric,coarse,M12,M12 x 1.75,12.000,1.750,,60,10.250,0.9472,true,nominal_diameter_mm - pitch_mm; cutting tap approximation,0.541266 * pitch_mm; ISO metric basic internal thread profile,ISO 261 / ISO 262 pitch combinations; ISO 68-1 profile,https://fullerfasteners.com/tech/basic-metric-thread-chart-m1-m100-2/,2026-07-26-v1,engineering_dataset_not_certified
metric-12-1.5,metric,fine,M12,M12 x 1.5,12.000,1.500,,60,10.500,0.8119,false,nominal_diameter_mm - pitch_mm; cutting tap approximation,0.541266 * pitch_mm; ISO metric basic internal thread profile,ISO 261 / ISO 262 pitch combinations; ISO 68-1 profile,https://fullerfasteners.com/tech/basic-metric-thread-chart-m1-m100-2/,2026-07-26-v1,engineering_dataset_not_certified
metric-12-1.25,metric,fine,M12,M12 x 1.25,12.000,1.250,,60,10.750,0.6766,false,nominal_diameter_mm - pitch_mm; cutting tap approximation,0.541266 * pitch_mm; ISO metric basic internal thread profile,ISO 261 / ISO 262 pitch combinations; ISO 68-1 profile,https://fullerfasteners.com/tech/basic-metric-thread-chart-m1-m100-2/,2026-07-26-v1,engineering_dataset_not_certified
metric-12-1,metric,fine,M12,M12 x 1,12.000,1.000,,60,11.000,0.5413,false,nominal_diameter_mm - pitch_mm; cutting tap approximation,0.541266 * pitch_mm; ISO metric basic internal thread profile,ISO 261 / ISO 262 pitch combinations; ISO 68-1 profile,https://fullerfasteners.com/tech/basic-metric-thread-chart-m1-m100-2/,2026-07-26-v1,engineering_dataset_not_certified
metric-14-2,metric,coarse,M14,M14 x 2,14.000,2.000,,60,12.000,1.0825,true,nominal_diameter_mm - pitch_mm; cutting tap approximation,0.541266 * pitch_mm; ISO metric basic internal thread profile,ISO 261 / ISO 262 pitch combinations; ISO 68-1 profile,https://fullerfasteners.com/tech/basic-metric-thread-chart-m1-m100-2/,2026-07-26-v1,engineering_dataset_not_certified
metric-14-1.5,metric,fine,M14,M14 x 1.5,14.000,1.500,,60,12.500,0.8119,false,nominal_diameter_mm - pitch_mm; cutting tap approximation,0.541266 * pitch_mm; ISO metric basic internal thread profile,ISO 261 / ISO 262 pitch combinations; ISO 68-1 profile,https://fullerfasteners.com/tech/basic-metric-thread-chart-m1-m100-2/,2026-07-26-v1,engineering_dataset_not_certified
metric-14-1.25,metric,fine,M14,M14 x 1.25,14.000,1.250,,60,12.750,0.6766,false,nominal_diameter_mm - pitch_mm; cutting tap approximation,0.541266 * pitch_mm; ISO metric basic internal thread profile,ISO 261 / ISO 262 pitch combinations; ISO 68-1 profile,https://fullerfasteners.com/tech/basic-metric-thread-chart-m1-m100-2/,2026-07-26-v1,engineering_dataset_not_certified
metric-14-1,metric,fine,M14,M14 x 1,14.000,1.000,,60,13.000,0.5413,false,nominal_diameter_mm - pitch_mm; cutting tap approximation,0.541266 * pitch_mm; ISO metric basic internal thread profile,ISO 261 / ISO 262 pitch combinations; ISO 68-1 profile,https://fullerfasteners.com/tech/basic-metric-thread-chart-m1-m100-2/,2026-07-26-v1,engineering_dataset_not_certified
metric-16-2,metric,coarse,M16,M16 x 2,16.000,2.000,,60,14.000,1.0825,true,nominal_diameter_mm - pitch_mm; cutting tap approximation,0.541266 * pitch_mm; ISO metric basic internal thread profile,ISO 261 / ISO 262 pitch combinations; ISO 68-1 profile,https://fullerfasteners.com/tech/basic-metric-thread-chart-m1-m100-2/,2026-07-26-v1,engineering_dataset_not_certified
metric-16-1.5,metric,fine,M16,M16 x 1.5,16.000,1.500,,60,14.500,0.8119,false,nominal_diameter_mm - pitch_mm; cutting tap approximation,0.541266 * pitch_mm; ISO metric basic internal thread profile,ISO 261 / ISO 262 pitch combinations; ISO 68-1 profile,https://fullerfasteners.com/tech/basic-metric-thread-chart-m1-m100-2/,2026-07-26-v1,engineering_dataset_not_certified
metric-16-1,metric,fine,M16,M16 x 1,16.000,1.000,,60,15.000,0.5413,false,nominal_diameter_mm - pitch_mm; cutting tap approximation,0.541266 * pitch_mm; ISO metric basic internal thread profile,ISO 261 / ISO 262 pitch combinations; ISO 68-1 profile,https://fullerfasteners.com/tech/basic-metric-thread-chart-m1-m100-2/,2026-07-26-v1,engineering_dataset_not_certified
metric-18-2.5,metric,coarse,M18,M18 x 2.5,18.000,2.500,,60,15.500,1.3532,true,nominal_diameter_mm - pitch_mm; cutting tap approximation,0.541266 * pitch_mm; ISO metric basic internal thread profile,ISO 261 / ISO 262 pitch combinations; ISO 68-1 profile,https://fullerfasteners.com/tech/basic-metric-thread-chart-m1-m100-2/,2026-07-26-v1,engineering_dataset_not_certified
metric-18-2,metric,fine,M18,M18 x 2,18.000,2.000,,60,16.000,1.0825,false,nominal_diameter_mm - pitch_mm; cutting tap approximation,0.541266 * pitch_mm; ISO metric basic internal thread profile,ISO 261 / ISO 262 pitch combinations; ISO 68-1 profile,https://fullerfasteners.com/tech/basic-metric-thread-chart-m1-m100-2/,2026-07-26-v1,engineering_dataset_not_certified
metric-18-1.5,metric,fine,M18,M18 x 1.5,18.000,1.500,,60,16.500,0.8119,false,nominal_diameter_mm - pitch_mm; cutting tap approximation,0.541266 * pitch_mm; ISO metric basic internal thread profile,ISO 261 / ISO 262 pitch combinations; ISO 68-1 profile,https://fullerfasteners.com/tech/basic-metric-thread-chart-m1-m100-2/,2026-07-26-v1,engineering_dataset_not_certified
metric-18-1,metric,fine,M18,M18 x 1,18.000,1.000,,60,17.000,0.5413,false,nominal_diameter_mm - pitch_mm; cutting tap approximation,0.541266 * pitch_mm; ISO metric basic internal thread profile,ISO 261 / ISO 262 pitch combinations; ISO 68-1 profile,https://fullerfasteners.com/tech/basic-metric-thread-chart-m1-m100-2/,2026-07-26-v1,engineering_dataset_not_certified
metric-20-2.5,metric,coarse,M20,M20 x 2.5,20.000,2.500,,60,17.500,1.3532,true,nominal_diameter_mm - pitch_mm; cutting tap approximation,0.541266 * pitch_mm; ISO metric basic internal thread profile,ISO 261 / ISO 262 pitch combinations; ISO 68-1 profile,https://fullerfasteners.com/tech/basic-metric-thread-chart-m1-m100-2/,2026-07-26-v1,engineering_dataset_not_certified
metric-20-2,metric,fine,M20,M20 x 2,20.000,2.000,,60,18.000,1.0825,false,nominal_diameter_mm - pitch_mm; cutting tap approximation,0.541266 * pitch_mm; ISO metric basic internal thread profile,ISO 261 / ISO 262 pitch combinations; ISO 68-1 profile,https://fullerfasteners.com/tech/basic-metric-thread-chart-m1-m100-2/,2026-07-26-v1,engineering_dataset_not_certified
metric-20-1.5,metric,fine,M20,M20 x 1.5,20.000,1.500,,60,18.500,0.8119,false,nominal_diameter_mm - pitch_mm; cutting tap approximation,0.541266 * pitch_mm; ISO metric basic internal thread profile,ISO 261 / ISO 262 pitch combinations; ISO 68-1 profile,https://fullerfasteners.com/tech/basic-metric-thread-chart-m1-m100-2/,2026-07-26-v1,engineering_dataset_not_certified
metric-20-1,metric,fine,M20,M20 x 1,20.000,1.000,,60,19.000,0.5413,false,nominal_diameter_mm - pitch_mm; cutting tap approximation,0.541266 * pitch_mm; ISO metric basic internal thread profile,ISO 261 / ISO 262 pitch combinations; ISO 68-1 profile,https://fullerfasteners.com/tech/basic-metric-thread-chart-m1-m100-2/,2026-07-26-v1,engineering_dataset_not_certified
metric-22-2.5,metric,coarse,M22,M22 x 2.5,22.000,2.500,,60,19.500,1.3532,true,nominal_diameter_mm - pitch_mm; cutting tap approximation,0.541266 * pitch_mm; ISO metric basic internal thread profile,ISO 261 / ISO 262 pitch combinations; ISO 68-1 profile,https://fullerfasteners.com/tech/basic-metric-thread-chart-m1-m100-2/,2026-07-26-v1,engineering_dataset_not_certified
metric-22-2,metric,fine,M22,M22 x 2,22.000,2.000,,60,20.000,1.0825,false,nominal_diameter_mm - pitch_mm; cutting tap approximation,0.541266 * pitch_mm; ISO metric basic internal thread profile,ISO 261 / ISO 262 pitch combinations; ISO 68-1 profile,https://fullerfasteners.com/tech/basic-metric-thread-chart-m1-m100-2/,2026-07-26-v1,engineering_dataset_not_certified
metric-22-1.5,metric,fine,M22,M22 x 1.5,22.000,1.500,,60,20.500,0.8119,false,nominal_diameter_mm - pitch_mm; cutting tap approximation,0.541266 * pitch_mm; ISO metric basic internal thread profile,ISO 261 / ISO 262 pitch combinations; ISO 68-1 profile,https://fullerfasteners.com/tech/basic-metric-thread-chart-m1-m100-2/,2026-07-26-v1,engineering_dataset_not_certified
metric-22-1,metric,fine,M22,M22 x 1,22.000,1.000,,60,21.000,0.5413,false,nominal_diameter_mm - pitch_mm; cutting tap approximation,0.541266 * pitch_mm; ISO metric basic internal thread profile,ISO 261 / ISO 262 pitch combinations; ISO 68-1 profile,https://fullerfasteners.com/tech/basic-metric-thread-chart-m1-m100-2/,2026-07-26-v1,engineering_dataset_not_certified
metric-24-3,metric,coarse,M24,M24 x 3,24.000,3.000,,60,21.000,1.6238,true,nominal_diameter_mm - pitch_mm; cutting tap approximation,0.541266 * pitch_mm; ISO metric basic internal thread profile,ISO 261 / ISO 262 pitch combinations; ISO 68-1 profile,https://fullerfasteners.com/tech/basic-metric-thread-chart-m1-m100-2/,2026-07-26-v1,engineering_dataset_not_certified
metric-24-2,metric,fine,M24,M24 x 2,24.000,2.000,,60,22.000,1.0825,false,nominal_diameter_mm - pitch_mm; cutting tap approximation,0.541266 * pitch_mm; ISO metric basic internal thread profile,ISO 261 / ISO 262 pitch combinations; ISO 68-1 profile,https://fullerfasteners.com/tech/basic-metric-thread-chart-m1-m100-2/,2026-07-26-v1,engineering_dataset_not_certified
metric-24-1.5,metric,fine,M24,M24 x 1.5,24.000,1.500,,60,22.500,0.8119,false,nominal_diameter_mm - pitch_mm; cutting tap approximation,0.541266 * pitch_mm; ISO metric basic internal thread profile,ISO 261 / ISO 262 pitch combinations; ISO 68-1 profile,https://fullerfasteners.com/tech/basic-metric-thread-chart-m1-m100-2/,2026-07-26-v1,engineering_dataset_not_certified
metric-24-1,metric,fine,M24,M24 x 1,24.000,1.000,,60,23.000,0.5413,false,nominal_diameter_mm - pitch_mm; cutting tap approximation,0.541266 * pitch_mm; ISO metric basic internal thread profile,ISO 261 / ISO 262 pitch combinations; ISO 68-1 profile,https://fullerfasteners.com/tech/basic-metric-thread-chart-m1-m100-2/,2026-07-26-v1,engineering_dataset_not_certified
metric-27-3,metric,coarse,M27,M27 x 3,27.000,3.000,,60,24.000,1.6238,true,nominal_diameter_mm - pitch_mm; cutting tap approximation,0.541266 * pitch_mm; ISO metric basic internal thread profile,ISO 261 / ISO 262 pitch combinations; ISO 68-1 profile,https://fullerfasteners.com/tech/basic-metric-thread-chart-m1-m100-2/,2026-07-26-v1,engineering_dataset_not_certified
metric-27-2,metric,fine,M27,M27 x 2,27.000,2.000,,60,25.000,1.0825,false,nominal_diameter_mm - pitch_mm; cutting tap approximation,0.541266 * pitch_mm; ISO metric basic internal thread profile,ISO 261 / ISO 262 pitch combinations; ISO 68-1 profile,https://fullerfasteners.com/tech/basic-metric-thread-chart-m1-m100-2/,2026-07-26-v1,engineering_dataset_not_certified
metric-27-1.5,metric,fine,M27,M27 x 1.5,27.000,1.500,,60,25.500,0.8119,false,nominal_diameter_mm - pitch_mm; cutting tap approximation,0.541266 * pitch_mm; ISO metric basic internal thread profile,ISO 261 / ISO 262 pitch combinations; ISO 68-1 profile,https://fullerfasteners.com/tech/basic-metric-thread-chart-m1-m100-2/,2026-07-26-v1,engineering_dataset_not_certified
metric-27-1,metric,fine,M27,M27 x 1,27.000,1.000,,60,26.000,0.5413,false,nominal_diameter_mm - pitch_mm; cutting tap approximation,0.541266 * pitch_mm; ISO metric basic internal thread profile,ISO 261 / ISO 262 pitch combinations; ISO 68-1 profile,https://fullerfasteners.com/tech/basic-metric-thread-chart-m1-m100-2/,2026-07-26-v1,engineering_dataset_not_certified
metric-30-3.5,metric,coarse,M30,M30 x 3.5,30.000,3.500,,60,26.500,1.8944,true,nominal_diameter_mm - pitch_mm; cutting tap approximation,0.541266 * pitch_mm; ISO metric basic internal thread profile,ISO 261 / ISO 262 pitch combinations; ISO 68-1 profile,https://fullerfasteners.com/tech/basic-metric-thread-chart-m1-m100-2/,2026-07-26-v1,engineering_dataset_not_certified
metric-30-3,metric,fine,M30,M30 x 3,30.000,3.000,,60,27.000,1.6238,false,nominal_diameter_mm - pitch_mm; cutting tap approximation,0.541266 * pitch_mm; ISO metric basic internal thread profile,ISO 261 / ISO 262 pitch combinations; ISO 68-1 profile,https://fullerfasteners.com/tech/basic-metric-thread-chart-m1-m100-2/,2026-07-26-v1,engineering_dataset_not_certified
metric-30-2,metric,fine,M30,M30 x 2,30.000,2.000,,60,28.000,1.0825,false,nominal_diameter_mm - pitch_mm; cutting tap approximation,0.541266 * pitch_mm; ISO metric basic internal thread profile,ISO 261 / ISO 262 pitch combinations; ISO 68-1 profile,https://fullerfasteners.com/tech/basic-metric-thread-chart-m1-m100-2/,2026-07-26-v1,engineering_dataset_not_certified
metric-30-1.5,metric,fine,M30,M30 x 1.5,30.000,1.500,,60,28.500,0.8119,false,nominal_diameter_mm - pitch_mm; cutting tap approximation,0.541266 * pitch_mm; ISO metric basic internal thread profile,ISO 261 / ISO 262 pitch combinations; ISO 68-1 profile,https://fullerfasteners.com/tech/basic-metric-thread-chart-m1-m100-2/,2026-07-26-v1,engineering_dataset_not_certified
metric-33-3.5,metric,coarse,M33,M33 x 3.5,33.000,3.500,,60,29.500,1.8944,true,nominal_diameter_mm - pitch_mm; cutting tap approximation,0.541266 * pitch_mm; ISO metric basic internal thread profile,ISO 261 / ISO 262 pitch combinations; ISO 68-1 profile,https://fullerfasteners.com/tech/basic-metric-thread-chart-m1-m100-2/,2026-07-26-v1,engineering_dataset_not_certified
metric-33-3,metric,fine,M33,M33 x 3,33.000,3.000,,60,30.000,1.6238,false,nominal_diameter_mm - pitch_mm; cutting tap approximation,0.541266 * pitch_mm; ISO metric basic internal thread profile,ISO 261 / ISO 262 pitch combinations; ISO 68-1 profile,https://fullerfasteners.com/tech/basic-metric-thread-chart-m1-m100-2/,2026-07-26-v1,engineering_dataset_not_certified
metric-33-2,metric,fine,M33,M33 x 2,33.000,2.000,,60,31.000,1.0825,false,nominal_diameter_mm - pitch_mm; cutting tap approximation,0.541266 * pitch_mm; ISO metric basic internal thread profile,ISO 261 / ISO 262 pitch combinations; ISO 68-1 profile,https://fullerfasteners.com/tech/basic-metric-thread-chart-m1-m100-2/,2026-07-26-v1,engineering_dataset_not_certified
metric-33-1.5,metric,fine,M33,M33 x 1.5,33.000,1.500,,60,31.500,0.8119,false,nominal_diameter_mm - pitch_mm; cutting tap approximation,0.541266 * pitch_mm; ISO metric basic internal thread profile,ISO 261 / ISO 262 pitch combinations; ISO 68-1 profile,https://fullerfasteners.com/tech/basic-metric-thread-chart-m1-m100-2/,2026-07-26-v1,engineering_dataset_not_certified
metric-36-4,metric,coarse,M36,M36 x 4,36.000,4.000,,60,32.000,2.1651,true,nominal_diameter_mm - pitch_mm; cutting tap approximation,0.541266 * pitch_mm; ISO metric basic internal thread profile,ISO 261 / ISO 262 pitch combinations; ISO 68-1 profile,https://fullerfasteners.com/tech/basic-metric-thread-chart-m1-m100-2/,2026-07-26-v1,engineering_dataset_not_certified
metric-36-3,metric,fine,M36,M36 x 3,36.000,3.000,,60,33.000,1.6238,false,nominal_diameter_mm - pitch_mm; cutting tap approximation,0.541266 * pitch_mm; ISO metric basic internal thread profile,ISO 261 / ISO 262 pitch combinations; ISO 68-1 profile,https://fullerfasteners.com/tech/basic-metric-thread-chart-m1-m100-2/,2026-07-26-v1,engineering_dataset_not_certified
metric-36-2,metric,fine,M36,M36 x 2,36.000,2.000,,60,34.000,1.0825,false,nominal_diameter_mm - pitch_mm; cutting tap approximation,0.541266 * pitch_mm; ISO metric basic internal thread profile,ISO 261 / ISO 262 pitch combinations; ISO 68-1 profile,https://fullerfasteners.com/tech/basic-metric-thread-chart-m1-m100-2/,2026-07-26-v1,engineering_dataset_not_certified
metric-36-1.5,metric,fine,M36,M36 x 1.5,36.000,1.500,,60,34.500,0.8119,false,nominal_diameter_mm - pitch_mm; cutting tap approximation,0.541266 * pitch_mm; ISO metric basic internal thread profile,ISO 261 / ISO 262 pitch combinations; ISO 68-1 profile,https://fullerfasteners.com/tech/basic-metric-thread-chart-m1-m100-2/,2026-07-26-v1,engineering_dataset_not_certified
metric-39-4,metric,coarse,M39,M39 x 4,39.000,4.000,,60,35.000,2.1651,true,nominal_diameter_mm - pitch_mm; cutting tap approximation,0.541266 * pitch_mm; ISO metric basic internal thread profile,ISO 261 / ISO 262 pitch combinations; ISO 68-1 profile,https://fullerfasteners.com/tech/basic-metric-thread-chart-m1-m100-2/,2026-07-26-v1,engineering_dataset_not_certified
metric-39-3,metric,fine,M39,M39 x 3,39.000,3.000,,60,36.000,1.6238,false,nominal_diameter_mm - pitch_mm; cutting tap approximation,0.541266 * pitch_mm; ISO metric basic internal thread profile,ISO 261 / ISO 262 pitch combinations; ISO 68-1 profile,https://fullerfasteners.com/tech/basic-metric-thread-chart-m1-m100-2/,2026-07-26-v1,engineering_dataset_not_certified
metric-39-2,metric,fine,M39,M39 x 2,39.000,2.000,,60,37.000,1.0825,false,nominal_diameter_mm - pitch_mm; cutting tap approximation,0.541266 * pitch_mm; ISO metric basic internal thread profile,ISO 261 / ISO 262 pitch combinations; ISO 68-1 profile,https://fullerfasteners.com/tech/basic-metric-thread-chart-m1-m100-2/,2026-07-26-v1,engineering_dataset_not_certified
metric-39-1.5,metric,fine,M39,M39 x 1.5,39.000,1.500,,60,37.500,0.8119,false,nominal_diameter_mm - pitch_mm; cutting tap approximation,0.541266 * pitch_mm; ISO metric basic internal thread profile,ISO 261 / ISO 262 pitch combinations; ISO 68-1 profile,https://fullerfasteners.com/tech/basic-metric-thread-chart-m1-m100-2/,2026-07-26-v1,engineering_dataset_not_certified
metric-42-4.5,metric,coarse,M42,M42 x 4.5,42.000,4.500,,60,37.500,2.4357,true,nominal_diameter_mm - pitch_mm; cutting tap approximation,0.541266 * pitch_mm; ISO metric basic internal thread profile,ISO 261 / ISO 262 pitch combinations; ISO 68-1 profile,https://fullerfasteners.com/tech/basic-metric-thread-chart-m1-m100-2/,2026-07-26-v1,engineering_dataset_not_certified
metric-42-4,metric,fine,M42,M42 x 4,42.000,4.000,,60,38.000,2.1651,false,nominal_diameter_mm - pitch_mm; cutting tap approximation,0.541266 * pitch_mm; ISO metric basic internal thread profile,ISO 261 / ISO 262 pitch combinations; ISO 68-1 profile,https://fullerfasteners.com/tech/basic-metric-thread-chart-m1-m100-2/,2026-07-26-v1,engineering_dataset_not_certified
metric-42-3,metric,fine,M42,M42 x 3,42.000,3.000,,60,39.000,1.6238,false,nominal_diameter_mm - pitch_mm; cutting tap approximation,0.541266 * pitch_mm; ISO metric basic internal thread profile,ISO 261 / ISO 262 pitch combinations; ISO 68-1 profile,https://fullerfasteners.com/tech/basic-metric-thread-chart-m1-m100-2/,2026-07-26-v1,engineering_dataset_not_certified
metric-42-2,metric,fine,M42,M42 x 2,42.000,2.000,,60,40.000,1.0825,false,nominal_diameter_mm - pitch_mm; cutting tap approximation,0.541266 * pitch_mm; ISO metric basic internal thread profile,ISO 261 / ISO 262 pitch combinations; ISO 68-1 profile,https://fullerfasteners.com/tech/basic-metric-thread-chart-m1-m100-2/,2026-07-26-v1,engineering_dataset_not_certified
metric-45-4.5,metric,coarse,M45,M45 x 4.5,45.000,4.500,,60,40.500,2.4357,true,nominal_diameter_mm - pitch_mm; cutting tap approximation,0.541266 * pitch_mm; ISO metric basic internal thread profile,ISO 261 / ISO 262 pitch combinations; ISO 68-1 profile,https://fullerfasteners.com/tech/basic-metric-thread-chart-m1-m100-2/,2026-07-26-v1,engineering_dataset_not_certified
metric-45-4,metric,fine,M45,M45 x 4,45.000,4.000,,60,41.000,2.1651,false,nominal_diameter_mm - pitch_mm; cutting tap approximation,0.541266 * pitch_mm; ISO metric basic internal thread profile,ISO 261 / ISO 262 pitch combinations; ISO 68-1 profile,https://fullerfasteners.com/tech/basic-metric-thread-chart-m1-m100-2/,2026-07-26-v1,engineering_dataset_not_certified
metric-45-3,metric,fine,M45,M45 x 3,45.000,3.000,,60,42.000,1.6238,false,nominal_diameter_mm - pitch_mm; cutting tap approximation,0.541266 * pitch_mm; ISO metric basic internal thread profile,ISO 261 / ISO 262 pitch combinations; ISO 68-1 profile,https://fullerfasteners.com/tech/basic-metric-thread-chart-m1-m100-2/,2026-07-26-v1,engineering_dataset_not_certified
metric-45-2,metric,fine,M45,M45 x 2,45.000,2.000,,60,43.000,1.0825,false,nominal_diameter_mm - pitch_mm; cutting tap approximation,0.541266 * pitch_mm; ISO metric basic internal thread profile,ISO 261 / ISO 262 pitch combinations; ISO 68-1 profile,https://fullerfasteners.com/tech/basic-metric-thread-chart-m1-m100-2/,2026-07-26-v1,engineering_dataset_not_certified
metric-48-5,metric,coarse,M48,M48 x 5,48.000,5.000,,60,43.000,2.7063,true,nominal_diameter_mm - pitch_mm; cutting tap approximation,0.541266 * pitch_mm; ISO metric basic internal thread profile,ISO 261 / ISO 262 pitch combinations; ISO 68-1 profile,https://fullerfasteners.com/tech/basic-metric-thread-chart-m1-m100-2/,2026-07-26-v1,engineering_dataset_not_certified
metric-48-4,metric,fine,M48,M48 x 4,48.000,4.000,,60,44.000,2.1651,false,nominal_diameter_mm - pitch_mm; cutting tap approximation,0.541266 * pitch_mm; ISO metric basic internal thread profile,ISO 261 / ISO 262 pitch combinations; ISO 68-1 profile,https://fullerfasteners.com/tech/basic-metric-thread-chart-m1-m100-2/,2026-07-26-v1,engineering_dataset_not_certified
metric-48-3,metric,fine,M48,M48 x 3,48.000,3.000,,60,45.000,1.6238,false,nominal_diameter_mm - pitch_mm; cutting tap approximation,0.541266 * pitch_mm; ISO metric basic internal thread profile,ISO 261 / ISO 262 pitch combinations; ISO 68-1 profile,https://fullerfasteners.com/tech/basic-metric-thread-chart-m1-m100-2/,2026-07-26-v1,engineering_dataset_not_certified
metric-48-2,metric,fine,M48,M48 x 2,48.000,2.000,,60,46.000,1.0825,false,nominal_diameter_mm - pitch_mm; cutting tap approximation,0.541266 * pitch_mm; ISO metric basic internal thread profile,ISO 261 / ISO 262 pitch combinations; ISO 68-1 profile,https://fullerfasteners.com/tech/basic-metric-thread-chart-m1-m100-2/,2026-07-26-v1,engineering_dataset_not_certified
metric-52-5,metric,coarse,M52,M52 x 5,52.000,5.000,,60,47.000,2.7063,true,nominal_diameter_mm - pitch_mm; cutting tap approximation,0.541266 * pitch_mm; ISO metric basic internal thread profile,ISO 261 / ISO 262 pitch combinations; ISO 68-1 profile,https://fullerfasteners.com/tech/basic-metric-thread-chart-m1-m100-2/,2026-07-26-v1,engineering_dataset_not_certified
metric-52-4,metric,fine,M52,M52 x 4,52.000,4.000,,60,48.000,2.1651,false,nominal_diameter_mm - pitch_mm; cutting tap approximation,0.541266 * pitch_mm; ISO metric basic internal thread profile,ISO 261 / ISO 262 pitch combinations; ISO 68-1 profile,https://fullerfasteners.com/tech/basic-metric-thread-chart-m1-m100-2/,2026-07-26-v1,engineering_dataset_not_certified
metric-52-3,metric,fine,M52,M52 x 3,52.000,3.000,,60,49.000,1.6238,false,nominal_diameter_mm - pitch_mm; cutting tap approximation,0.541266 * pitch_mm; ISO metric basic internal thread profile,ISO 261 / ISO 262 pitch combinations; ISO 68-1 profile,https://fullerfasteners.com/tech/basic-metric-thread-chart-m1-m100-2/,2026-07-26-v1,engineering_dataset_not_certified
metric-52-2,metric,fine,M52,M52 x 2,52.000,2.000,,60,50.000,1.0825,false,nominal_diameter_mm - pitch_mm; cutting tap approximation,0.541266 * pitch_mm; ISO metric basic internal thread profile,ISO 261 / ISO 262 pitch combinations; ISO 68-1 profile,https://fullerfasteners.com/tech/basic-metric-thread-chart-m1-m100-2/,2026-07-26-v1,engineering_dataset_not_certified
metric-56-5.5,metric,coarse,M56,M56 x 5.5,56.000,5.500,,60,50.500,2.9770,true,nominal_diameter_mm - pitch_mm; cutting tap approximation,0.541266 * pitch_mm; ISO metric basic internal thread profile,ISO 261 / ISO 262 pitch combinations; ISO 68-1 profile,https://fullerfasteners.com/tech/basic-metric-thread-chart-m1-m100-2/,2026-07-26-v1,engineering_dataset_not_certified
metric-56-4,metric,fine,M56,M56 x 4,56.000,4.000,,60,52.000,2.1651,false,nominal_diameter_mm - pitch_mm; cutting tap approximation,0.541266 * pitch_mm; ISO metric basic internal thread profile,ISO 261 / ISO 262 pitch combinations; ISO 68-1 profile,https://fullerfasteners.com/tech/basic-metric-thread-chart-m1-m100-2/,2026-07-26-v1,engineering_dataset_not_certified
metric-56-3,metric,fine,M56,M56 x 3,56.000,3.000,,60,53.000,1.6238,false,nominal_diameter_mm - pitch_mm; cutting tap approximation,0.541266 * pitch_mm; ISO metric basic internal thread profile,ISO 261 / ISO 262 pitch combinations; ISO 68-1 profile,https://fullerfasteners.com/tech/basic-metric-thread-chart-m1-m100-2/,2026-07-26-v1,engineering_dataset_not_certified
metric-56-2,metric,fine,M56,M56 x 2,56.000,2.000,,60,54.000,1.0825,false,nominal_diameter_mm - pitch_mm; cutting tap approximation,0.541266 * pitch_mm; ISO metric basic internal thread profile,ISO 261 / ISO 262 pitch combinations; ISO 68-1 profile,https://fullerfasteners.com/tech/basic-metric-thread-chart-m1-m100-2/,2026-07-26-v1,engineering_dataset_not_certified
metric-60-5.5,metric,coarse,M60,M60 x 5.5,60.000,5.500,,60,54.500,2.9770,true,nominal_diameter_mm - pitch_mm; cutting tap approximation,0.541266 * pitch_mm; ISO metric basic internal thread profile,ISO 261 / ISO 262 pitch combinations; ISO 68-1 profile,https://fullerfasteners.com/tech/basic-metric-thread-chart-m1-m100-2/,2026-07-26-v1,engineering_dataset_not_certified
metric-60-4,metric,fine,M60,M60 x 4,60.000,4.000,,60,56.000,2.1651,false,nominal_diameter_mm - pitch_mm; cutting tap approximation,0.541266 * pitch_mm; ISO metric basic internal thread profile,ISO 261 / ISO 262 pitch combinations; ISO 68-1 profile,https://fullerfasteners.com/tech/basic-metric-thread-chart-m1-m100-2/,2026-07-26-v1,engineering_dataset_not_certified
metric-60-3,metric,fine,M60,M60 x 3,60.000,3.000,,60,57.000,1.6238,false,nominal_diameter_mm - pitch_mm; cutting tap approximation,0.541266 * pitch_mm; ISO metric basic internal thread profile,ISO 261 / ISO 262 pitch combinations; ISO 68-1 profile,https://fullerfasteners.com/tech/basic-metric-thread-chart-m1-m100-2/,2026-07-26-v1,engineering_dataset_not_certified
metric-60-2,metric,fine,M60,M60 x 2,60.000,2.000,,60,58.000,1.0825,false,nominal_diameter_mm - pitch_mm; cutting tap approximation,0.541266 * pitch_mm; ISO metric basic internal thread profile,ISO 261 / ISO 262 pitch combinations; ISO 68-1 profile,https://fullerfasteners.com/tech/basic-metric-thread-chart-m1-m100-2/,2026-07-26-v1,engineering_dataset_not_certified
metric-64-6,metric,coarse,M64,M64 x 6,64.000,6.000,,60,58.000,3.2476,true,nominal_diameter_mm - pitch_mm; cutting tap approximation,0.541266 * pitch_mm; ISO metric basic internal thread profile,ISO 261 / ISO 262 pitch combinations; ISO 68-1 profile,https://fullerfasteners.com/tech/basic-metric-thread-chart-m1-m100-2/,2026-07-26-v1,engineering_dataset_not_certified
metric-64-4,metric,fine,M64,M64 x 4,64.000,4.000,,60,60.000,2.1651,false,nominal_diameter_mm - pitch_mm; cutting tap approximation,0.541266 * pitch_mm; ISO metric basic internal thread profile,ISO 261 / ISO 262 pitch combinations; ISO 68-1 profile,https://fullerfasteners.com/tech/basic-metric-thread-chart-m1-m100-2/,2026-07-26-v1,engineering_dataset_not_certified
metric-64-3,metric,fine,M64,M64 x 3,64.000,3.000,,60,61.000,1.6238,false,nominal_diameter_mm - pitch_mm; cutting tap approximation,0.541266 * pitch_mm; ISO metric basic internal thread profile,ISO 261 / ISO 262 pitch combinations; ISO 68-1 profile,https://fullerfasteners.com/tech/basic-metric-thread-chart-m1-m100-2/,2026-07-26-v1,engineering_dataset_not_certified
metric-64-2,metric,fine,M64,M64 x 2,64.000,2.000,,60,62.000,1.0825,false,nominal_diameter_mm - pitch_mm; cutting tap approximation,0.541266 * pitch_mm; ISO metric basic internal thread profile,ISO 261 / ISO 262 pitch combinations; ISO 68-1 profile,https://fullerfasteners.com/tech/basic-metric-thread-chart-m1-m100-2/,2026-07-26-v1,engineering_dataset_not_certified
